dictionary,scenario_id,run_type,s1,s2,status,timed_out,selected_attempt,success,collision_free,goal_reached,final_goal_error,path_length,num_states,runtime_sec,selected_runtime_sec,wall_runtime_sec,s1_attempted,s1_success,s1_collision_free,s1_goal_reached,s1_confidence,s1_runtime_sec,s1_final_goal_error,s1_path_length,s1_num_states,s2_attempted,s2_success,s2_collision_free,s2_goal_reached,s2_confidence,s2_runtime_sec,s2_final_goal_error,s2_path_length,s2_num_states,error_message
benchmark_dualmp_nl_dense_clutter_eval_dense_clutter.json,100,sofai,neural,cbf,ok,False,s2_cbf,True,True,True,0.4832489957506012,6.916661725747619,104,1.1655387878417969,0.15120983123779297,1.788449125000625,True,False,True,False,0.05143869856387734,0.9734401702880859,3.9856130143612263,3.1408528018241477,121,True,True,True,True,1.0,0.15120983123779297,0.4832489957506012,6.916661725747619,104,
benchmark_dualmp_nl_dense_clutter_eval_dense_clutter.json,101,sofai,neural,cbf,ok,False,s2_cbf,True,True,True,0.4959344065778155,7.12919873695519,135,1.0099477767944336,0.20076322555541992,1.6442389999865554,True,False,True,False,0.971039148650422,0.76711106300354,0.5792170269915599,7.585659382933594,33,True,True,True,True,1.0,0.20076322555541992,0.4959344065778155,7.12919873695519,135,
benchmark_dualmp_nl_dense_clutter_eval_dense_clutter.json,102,sofai,neural,cbf,ok,False,s2_cbf,True,True,True,0.4666218464578831,6.996873675651247,101,0.9676971435546875,0.15694403648376465,1.6484951249876758,True,False,True,False,0.9712211752495079,0.7705831527709961,0.5755764950098415,7.058456085801788,41,True,True,True,True,1.0,0.15694403648376465,0.4666218464578831,6.996873675651247,101,
benchmark_dualmp_nl_dense_clutter_eval_dense_clutter.json,103,sofai,neural,cbf,ok,False,s2_cbf,False,False,True,0.47174898302906104,6.871756141295603,123,1.1331541538238525,0.19217276573181152,1.7490746669936925,True,False,True,False,0.20272525663810717,0.9009170532226562,2.4727474336189283,4.642724129990929,121,True,False,False,True,1.0,0.19217276573181152,0.47174898302906104,6.871756141295603,123,
benchmark_dualmp_nl_dense_clutter_eval_dense_clutter.json,104,sofai,neural,cbf,ok,False,s2_cbf,True,True,True,0.49079334948355086,6.756376317741756,86,0.9368338584899902,0.1383059024810791,1.5553191250073723,True,False,True,False,0.9728873869108094,0.7574043273925781,0.5422522617838117,6.6988664930313755,35,True,True,True,True,1.0,0.1383059024810791,0.49079334948355086,6.756376317741756,86,
benchmark_dualmp_nl_dense_clutter_eval_dense_clutter.json,105,sofai,neural,cbf,ok,False,s2_cbf,False,False,True,0.4413398959400245,6.841581513294963,94,1.1391518115997314,0.1504838466644287,1.737602875000448,True,False,True,False,0.0,0.9483468532562256,4.660325026530344,2.4446880155098656,121,True,False,False,True,1.0,0.1504838466644287,0.4413398959400245,6.841581513294963,94,
benchmark_dualmp_nl_dense_clutter_eval_dense_clutter.json,106,sofai,neural,cbf,ok,False,s2_cbf,True,True,True,0.470223064054497,7.215970412653711,130,1.0309858322143555,0.19977211952209473,1.6513706670084503,True,False,True,False,0.9715762960271062,0.7909722328186035,0.5684740794578758,6.977678509400144,42,True,True,True,True,1.0,0.19977211952209473,0.470223064054497,7.215970412653711,130,
benchmark_dualmp_nl_dense_clutter_eval_dense_clutter.json,107,sofai,neural,cbf,ok,False,s2_cbf,False,False,True,0.4495127310481678,6.732466629841178,91,1.1119847297668457,0.13692474365234375,1.7310339579998981,True,False,True,False,0.0,0.9312119483947754,4.956409665012719,2.2389637305419594,121,True,False,False,True,1.0,0.13692474365234375,0.4495127310481678,6.732466629841178,91,
benchmark_dualmp_nl_dense_clutter_eval_dense_clutter.json,108,sofai,neural,cbf,ok,False,s2_cbf,True,True,True,0.43514403888924535,6.803559474048826,89,0.9176139831542969,0.11542391777038574,1.5618698750040494,True,False,True,False,0.9716504165679019,0.7609958648681641,0.5669916686419636,6.818937250253182,38,True,True,True,True,1.0,0.11542391777038574,0.43514403888924535,6.803559474048826,89,
benchmark_dualmp_nl_dense_clutter_eval_dense_clutter.json,109,sofai,neural,cbf,ok,False,s2_cbf,False,False,True,0.49113887469110834,7.070088437110558,99,1.1398577690124512,0.1521761417388916,1.7906796660099644,True,False,True,False,0.0,0.946173906326294,5.643664444781355,1.4289933097386989,121,True,False,False,True,1.0,0.1521761417388916,0.49113887469110834,7.070088437110558,99,
benchmark_dualmp_nl_dense_clutter_eval_dense_clutter.json,110,sofai,neural,cbf,ok,False,s2_cbf,True,True,True,0.4842926823317373,6.890223221909143,94,0.9722690582275391,0.12182092666625977,1.6222530840022955,True,False,True,False,0.9711513893708416,0.8103001117706299,0.5769722125831689,6.898137512141669,40,True,True,True,True,1.0,0.12182092666625977,0.4842926823317373,6.890223221909143,94,
benchmark_dualmp_nl_dense_clutter_eval_dense_clutter.json,111,sofai,neural,cbf,ok,False,s1_neural,True,True,True,0.46898412729716377,7.28431812157588,29,0.9226770401000977,0.7543900012969971,1.5755870419961866,True,True,True,True,0.9765507936351419,0.7543900012969971,0.46898412729716377,7.28431812157588,29,True,True,True,True,1.0,0.123931884765625,0.49303309930351275,7.527023491811539,106,
benchmark_dualmp_nl_dense_clutter_eval_dense_clutter.json,112,sofai,neural,cbf,ok,False,s2_cbf,True,True,True,0.48985807149837945,6.882003168356688,110,0.9427080154418945,0.13911080360412598,1.5691288750094827,True,False,True,False,0.9703796663379801,0.7637279033660889,0.5924066732403969,6.979116764437798,39,True,True,True,True,1.0,0.13911080360412598,0.48985807149837945,6.882003168356688,110,
benchmark_dualmp_nl_dense_clutter_eval_dense_clutter.json,113,sofai,neural,cbf,ok,False,s2_cbf,True,True,True,0.4756052034314262,7.1865978967100705,111,1.1907880306243896,0.1730790138244629,1.8300448749942007,True,False,True,False,0.12678374103880558,0.9765446186065674,3.2321625896119444,3.922913032703152,121,True,True,True,True,1.0,0.1730790138244629,0.4756052034314262,7.1865978967100705,111,
benchmark_dualmp_nl_dense_clutter_eval_dense_clutter.json,114,sofai,neural,cbf,ok,False,s2_cbf,True,True,True,0.4718098689470704,6.964954518713153,97,0.9571781158447266,0.1589512825012207,1.560559875011677,True,False,True,False,0.9716490256319162,0.7574028968811035,0.5670194873616745,7.038787046216084,42,True,True,True,True,1.0,0.1589512825012207,0.4718098689470704,6.964954518713153,97,
benchmark_dualmp_nl_dense_clutter_eval_dense_clutter.json,115,sofai,neural,cbf,ok,False,s1_neural,True,True,True,0.46437426316499164,7.1171231027581365,40,0.9244821071624756,0.7625868320465088,1.5373428750026505,True,True,True,True,0.9767812868417505,0.7625868320465088,0.46437426316499164,7.1171231027581365,40,True,True,True,True,1.0,0.12201690673828125,0.4711738465891494,6.865296031074173,92,
benchmark_dualmp_nl_dense_clutter_eval_dense_clutter.json,116,sofai,neural,cbf,ok,False,s2_cbf,True,True,True,0.49870102219502754,6.964989083463897,111,1.1663789749145508,0.17165303230285645,1.7632525829976657,True,False,True,False,0.06798355381902949,0.9547781944274902,3.8201644618097053,3.3010950740327516,121,True,True,True,True,1.0,0.17165303230285645,0.49870102219502754,6.964989083463897,111,
benchmark_dualmp_nl_dense_clutter_eval_dense_clutter.json,117,sofai,neural,cbf,ok,False,s2_cbf,True,True,True,0.4866158256760736,7.027710682389637,86,0.9365200996398926,0.11506009101867676,1.5577522499952465,True,False,True,False,0.9705222768397025,0.7799386978149414,0.5895544632059498,7.5302437160708156,35,True,True,True,True,1.0,0.11506009101867676,0.4866158256760736,7.027710682389637,86,
benchmark_dualmp_nl_dense_clutter_eval_dense_clutter.json,118,sofai,neural,cbf,ok,False,s2_cbf,True,True,True,0.4989907335847133,6.688806731733574,69,0.888552188873291,0.0974881649017334,1.4919767909887014,True,False,True,False,0.970162546041066,0.7511780261993408,0.5967490791786799,6.938345268391448,38,True,True,True,True,1.0,0.0974881649017334,0.4989907335847133,6.688806731733574,69,
benchmark_dualmp_nl_dense_clutter_eval_dense_clutter.json,119,sofai,neural,cbf,ok,False,s2_cbf,True,True,True,0.48973277274732846,6.722986599881645,82,0.9173069000244141,0.10908389091491699,1.6099796670023352,True,False,True,False,0.9712971033276503,0.7655210494995117,0.5740579334469947,7.032574098107853,44,True,True,True,True,1.0,0.10908389091491699,0.48973277274732846,6.722986599881645,82,
benchmark_dualmp_nl_dense_clutter_eval_dense_clutter.json,120,sofai,neural,cbf,ok,False,s1_neural,True,True,True,0.46362734782003684,7.119410430703036,44,0.9255349636077881,0.7772440910339355,1.533417583006667,True,True,True,True,0.9768186326089981,0.7772440910339355,0.46362734782003684,7.119410430703036,44,True,True,True,True,1.0,0.10557222366333008,0.4392219014417019,6.877601327852367,70,
benchmark_dualmp_nl_dense_clutter_eval_dense_clutter.json,121,sofai,neural,cbf,ok,False,s2_cbf,True,True,True,0.48932587474801065,6.714037510862159,121,1.0293221473693848,0.18856120109558105,1.663130375003675,True,False,True,False,0.9701407174984187,0.8005597591400146,0.5971856500316255,7.177297481653527,48,True,True,True,True,1.0,0.18856120109558105,0.48932587474801065,6.714037510862159,121,
benchmark_dualmp_nl_dense_clutter_eval_dense_clutter.json,122,sofai,neural,cbf,ok,False,s1_neural,True,True,True,0.46705644968216015,7.048162888687281,53,0.9509968757629395,0.799036979675293,1.5962613749870798,True,True,True,True,0.976647177515892,0.799036979675293,0.46705644968216015,7.048162888687281,53,True,False,False,True,1.0,0.11152100563049316,0.47673840275112733,6.658946945934667,76,
benchmark_dualmp_nl_dense_clutter_eval_dense_clutter.json,123,sofai,neural,cbf,ok,False,s2_cbf,False,False,True,0.4989382213293599,6.632580825457824,88,1.0493030548095703,0.11027312278747559,1.6726280419970863,True,False,True,False,0.9708684483727785,0.8984291553497314,0.5826310325444305,12.20596994995758,94,True,False,False,True,1.0,0.11027312278747559,0.4989382213293599,6.632580825457824,88,
benchmark_dualmp_nl_dense_clutter_eval_dense_clutter.json,124,sofai,neural,cbf,ok,False,s2_cbf,False,False,True,0.43149587944233314,6.908106516544144,83,1.090047836303711,0.09873294830322266,1.698559500000556,True,False,True,False,0.28470867322668214,0.9512298107147217,1.6529132677331788,5.727491692771675,121,True,False,False,True,1.0,0.09873294830322266,0.43149587944233314,6.908106516544144,83,
benchmark_dualmp_nl_dense_clutter_eval_dense_clutter.json,125,sofai,neural,cbf,ok,False,s2_cbf,True,True,True,0.4987179382009198,6.798535419625122,106,0.9675378799438477,0.15719199180603027,1.5813775419956073,True,False,True,False,0.9712752106320778,0.7694671154022217,0.5744957873584444,6.841626326981775,39,True,True,True,True,1.0,0.15719199180603027,0.4987179382009198,6.798535419625122,106,
benchmark_dualmp_nl_dense_clutter_eval_dense_clutter.json,126,sofai,neural,cbf,ok,False,s2_cbf,False,False,True,0.4863729096254749,6.73244775665456,79,1.111274003982544,0.1357712745666504,1.6985505410120822,True,False,True,False,0.11106001976857438,0.9351711273193359,3.389399802314256,3.7613439801143596,121,True,False,False,True,1.0,0.1357712745666504,0.4863729096254749,6.73244775665456,79,
benchmark_dualmp_nl_dense_clutter_eval_dense_clutter.json,127,sofai,neural,cbf,ok,False,s1_neural,True,True,True,0.4976199279864951,7.043688089220962,41,0.9211022853851318,0.7621078491210938,1.547440624999581,True,True,True,True,0.9751190036006753,0.7621078491210938,0.4976199279864951,7.043688089220962,41,True,True,True,True,1.0,0.11952924728393555,0.46220700001735165,7.064783435113196,105,
benchmark_dualmp_nl_dense_clutter_eval_dense_clutter.json,128,sofai,neural,cbf,ok,False,s2_cbf,True,True,True,0.4428017828008712,6.905816935633857,73,0.9210591316223145,0.0966939926147461,1.525693167001009,True,False,True,False,0.9715765757778982,0.7842280864715576,0.5684684844420345,6.963849904713685,41,True,True,True,True,1.0,0.0966939926147461,0.4428017828008712,6.905816935633857,73,
benchmark_dualmp_nl_dense_clutter_eval_dense_clutter.json,129,sofai,neural,cbf,ok,False,s2_cbf,True,True,True,0.47303185474785425,6.810538402155261,75,0.9539260864257812,0.11734318733215332,1.5709338750020834,True,False,True,False,0.9718178445066836,0.7932720184326172,0.5636431098663278,7.010333532312784,40,True,True,True,True,1.0,0.11734318733215332,0.47303185474785425,6.810538402155261,75,
benchmark_dualmp_nl_dense_clutter_eval_dense_clutter.json,130,sofai,neural,cbf,ok,False,s2_cbf,False,False,True,0.4667183508382701,6.768374636272296,89,1.1482529640197754,0.14640307426452637,1.7566097079979954,True,False,True,False,0.041670617324503445,0.9610908031463623,4.083293826754965,3.034917956898631,121,True,False,False,True,1.0,0.14640307426452637,0.4667183508382701,6.768374636272296,89,
benchmark_dualmp_nl_dense_clutter_eval_dense_clutter.json,131,sofai,neural,cbf,ok,False,s2_cbf,True,True,True,0.44920222986660285,6.764657723735845,77,0.9342663288116455,0.12344908714294434,1.5444745830027387,True,False,True,False,0.9746370309502825,0.7702579498291016,0.5072593809943496,7.36906045064705,38,True,True,True,True,1.0,0.12344908714294434,0.44920222986660285,6.764657723735845,77,
benchmark_dualmp_nl_dense_clutter_eval_dense_clutter.json,132,sofai,neural,cbf,ok,False,s2_cbf,False,False,True,0.4684025549662442,6.710711864442093,90,0.9719111919403076,0.11595296859741211,1.594261500009452,True,False,True,False,0.9718030990230051,0.8148977756500244,0.5639380195398984,6.969506870047395,43,True,False,False,True,1.0,0.11595296859741211,0.4684025549662442,6.710711864442093,90,
benchmark_dualmp_nl_dense_clutter_eval_dense_clutter.json,133,sofai,neural,cbf,ok,False,s2_cbf,True,True,True,0.4956485012816955,6.688339626424837,113,1.0047581195831299,0.16289091110229492,1.6407480420020875,True,False,True,False,0.9733795032742334,0.8020951747894287,0.5324099345153321,7.220562764992048,42,True,True,True,True,1.0,0.16289091110229492,0.4956485012816955,6.688339626424837,113,
benchmark_dualmp_nl_dense_clutter_eval_dense_clutter.json,134,sofai,neural,cbf,ok,False,s1_neural,True,True,True,0.4871759388472569,6.96080625322685,42,0.9302129745483398,0.7824690341949463,1.5420156250038417,True,True,True,True,0.9756412030576371,0.7824690341949463,0.4871759388472569,6.96080625322685,42,True,True,True,True,1.0,0.10537505149841309,0.45063611181281815,6.726597597871879,70,
benchmark_dualmp_nl_dense_clutter_eval_dense_clutter.json,135,sofai,neural,cbf,ok,False,s2_cbf,False,False,True,0.48858644114097305,6.99885784553996,99,0.9952380657196045,0.15876102447509766,1.6309559590008575,True,False,True,False,0.9703969398350071,0.7938618659973145,0.592061203299859,6.8649903310026135,40,True,False,False,True,1.0,0.15876102447509766,0.48858644114097305,6.99885784553996,99,
benchmark_dualmp_nl_dense_clutter_eval_dense_clutter.json,136,sofai,neural,cbf,ok,False,s2_cbf,True,True,True,0.499808233804401,6.873998477188202,88,0.962730884552002,0.15024590492248535,1.6262137910089223,True,False,True,False,0.9703405619955209,0.7702510356903076,0.5931887600895827,7.026228129838713,42,True,True,True,True,1.0,0.15024590492248535,0.499808233804401,6.873998477188202,88,
benchmark_dualmp_nl_dense_clutter_eval_dense_clutter.json,137,sofai,neural,cbf,ok,False,s2_cbf,False,False,True,0.4660214784613354,6.823656609275358,88,1.258504867553711,0.14469313621520996,1.9600315419957042,True,False,True,False,0.07706579318571122,1.0695123672485352,3.7293420681428877,3.349576323957327,121,True,False,False,True,1.0,0.14469313621520996,0.4660214784613354,6.823656609275358,88,
benchmark_dualmp_nl_dense_clutter_eval_dense_clutter.json,138,sofai,neural,cbf,ok,False,s2_cbf,True,True,True,0.47170743318456454,6.955129452580952,78,0.9277350902557373,0.11147594451904297,1.5776484579982935,True,False,True,False,0.9713583066438011,0.7745981216430664,0.5728338671239789,6.9637649406718864,38,True,True,True,True,1.0,0.11147594451904297,0.47170743318456454,6.955129452580952,78,
benchmark_dualmp_nl_dense_clutter_eval_dense_clutter.json,139,sofai,neural,cbf,ok,False,s2_cbf,True,True,True,0.4605885451729294,6.857761361398981,72,0.8925399780273438,0.09450387954711914,1.5031286669982364,True,False,True,False,0.9701576726774931,0.7577588558197021,0.5968465464501377,6.867824885174546,39,True,True,True,True,1.0,0.09450387954711914,0.4605885451729294,6.857761361398981,72,
benchmark_dualmp_nl_dense_clutter_eval_dense_clutter.json,140,sofai,neural,cbf,ok,False,s2_cbf,True,True,True,0.4639109651384059,7.289314526082889,84,0.8944001197814941,0.10219502449035645,1.5240268749912502,True,False,True,False,0.9719224190908697,0.7518110275268555,0.5615516181826057,6.977913597253729,39,True,True,True,True,1.0,0.10219502449035645,0.4639109651384059,7.289314526082889,84,
benchmark_dualmp_nl_dense_clutter_eval_dense_clutter.json,141,sofai,neural,cbf,ok,False,s2_cbf,True,True,True,0.43742608861579446,6.905083970876779,82,0.9764108657836914,0.14093303680419922,1.5832450419984525,True,False,True,False,0.9720840350347548,0.7955331802368164,0.5583192993049032,7.028908906404233,40,True,True,True,True,1.0,0.14093303680419922,0.43742608861579446,6.905083970876779,82,
benchmark_dualmp_nl_dense_clutter_eval_dense_clutter.json,142,sofai,neural,cbf,ok,False,s2_cbf,False,False,True,0.472792745954616,6.770453148295374,112,1.1303882598876953,0.1639080047607422,1.751279957999941,True,False,True,False,0.0,0.9260058403015137,5.191165442848263,1.9156027791909054,121,True,False,False,True,1.0,0.1639080047607422,0.472792745954616,6.770453148295374,112,
benchmark_dualmp_nl_dense_clutter_eval_dense_clutter.json,143,sofai,neural,cbf,ok,False,s2_cbf,False,False,True,0.4409982770960807,6.834962374494174,83,0.9522380828857422,0.12433290481567383,1.5613356660032878,True,False,True,False,0.9743467387300396,0.7866718769073486,0.5130652253992073,7.121479539639007,53,True,False,False,True,1.0,0.12433290481567383,0.4409982770960807,6.834962374494174,83,
benchmark_dualmp_nl_dense_clutter_eval_dense_clutter.json,144,sofai,neural,cbf,ok,False,s1_neural,True,True,True,0.4989388931149478,6.671317448822261,39,0.9380700588226318,0.7748868465423584,1.566669042003923,True,True,True,True,0.9750530553442526,0.7748868465423584,0.4989388931149478,6.671317448822261,39,True,False,False,True,1.0,0.12228202819824219,0.4416900907141003,6.746896722623179,74,
benchmark_dualmp_nl_dense_clutter_eval_dense_clutter.json,145,sofai,neural,cbf,ok,False,s2_cbf,False,False,True,0.4533344781186846,6.741967923824219,94,0.9399528503417969,0.1346268653869629,1.5908277499984251,True,False,True,False,0.9708081672868438,0.764315128326416,0.5838366542631239,6.91091358157634,38,True,False,False,True,1.0,0.1346268653869629,0.4533344781186846,6.741967923824219,94,
benchmark_dualmp_nl_dense_clutter_eval_dense_clutter.json,146,sofai,neural,cbf,ok,False,s2_cbf,True,True,True,0.47296790274941874,6.923294281490045,91,0.9289488792419434,0.1155402660369873,1.5252238340035547,True,False,True,False,0.9703659056102761,0.7724661827087402,0.5926818877944764,6.815035943010564,41,True,True,True,True,1.0,0.1155402660369873,0.47296790274941874,6.923294281490045,91,
benchmark_dualmp_nl_dense_clutter_eval_dense_clutter.json,147,sofai,neural,cbf,ok,False,s2_cbf,True,True,True,0.47627663065974624,6.812248614349196,106,0.9813759326934814,0.13452816009521484,1.5913480000017444,True,False,True,False,0.9717089455547993,0.8072309494018555,0.5658210889040141,9.357296245361312,60,True,True,True,True,1.0,0.13452816009521484,0.47627663065974624,6.812248614349196,106,
benchmark_dualmp_nl_dense_clutter_eval_dense_clutter.json,148,sofai,neural,cbf,ok,False,s2_cbf,True,True,True,0.4373026598491549,6.727948466365531,81,0.9122211933135986,0.0997467041015625,1.5201762079959735,True,False,True,False,0.9706351294442073,0.7726790904998779,0.5872974111158537,6.936332469520044,41,True,True,True,True,1.0,0.0997467041015625,0.4373026598491549,6.727948466365531,81,
benchmark_dualmp_nl_dense_clutter_eval_dense_clutter.json,149,sofai,neural,cbf,ok,False,s2_cbf,True,True,True,0.4409902707500302,6.792450260579898,68,0.906296968460083,0.0971682071685791,1.5116209580010036,True,False,True,False,0.9714304439795702,0.7691597938537598,0.5713911204085959,7.055318962908464,40,True,True,True,True,1.0,0.0971682071685791,0.4409902707500302,6.792450260579898,68,
benchmark_dualmp_nl_dense_clutter_eval_dense_clutter.json,150,sofai,neural,cbf,ok,False,s2_cbf,True,True,True,0.46217377199527243,7.018948357847018,98,0.9403033256530762,0.12484502792358398,1.5469864170008805,True,False,True,False,0.9735199591982191,0.7757449150085449,0.5296008160356174,7.35753870111018,52,True,True,True,True,1.0,0.12484502792358398,0.46217377199527243,7.018948357847018,98,
benchmark_dualmp_nl_dense_clutter_eval_dense_clutter.json,151,sofai,neural,cbf,ok,False,s2_cbf,True,True,True,0.4431204676840989,6.725628799466915,84,0.9457621574401855,0.1107950210571289,1.5353406249923864,True,False,True,False,0.9746787602931024,0.795072078704834,0.5064247941379513,7.497478651671151,56,True,True,True,True,1.0,0.1107950210571289,0.4431204676840989,6.725628799466915,84,
benchmark_dualmp_nl_dense_clutter_eval_dense_clutter.json,152,sofai,neural,cbf,ok,False,s2_cbf,False,False,True,0.47226269993696457,6.794739809239541,113,1.1479458808898926,0.13956880569458008,1.7675546660029795,True,False,True,False,0.0,0.9681131839752197,57.27044688462781,51.8932358304334,121,True,False,False,True,1.0,0.13956880569458008,0.47226269993696457,6.794739809239541,113,
benchmark_dualmp_nl_dense_clutter_eval_dense_clutter.json,153,sofai,neural,cbf,ok,False,s2_cbf,True,True,True,0.49316861566036135,6.946451657874988,103,0.9426851272583008,0.15576910972595215,1.5640034999960335,True,False,True,False,0.9703600269633049,0.746535062789917,0.5927994607339012,6.509003070701358,33,True,True,True,True,1.0,0.15576910972595215,0.49316861566036135,6.946451657874988,103,
benchmark_dualmp_nl_dense_clutter_eval_dense_clutter.json,154,sofai,neural,cbf,ok,False,s2_cbf,True,True,True,0.4730451412721361,6.867604403197985,84,1.0990312099456787,0.10773801803588867,1.7183797920006327,True,False,True,False,0.0,0.9504837989807129,63.943058265180596,58.39387522403014,121,True,True,True,True,1.0,0.10773801803588867,0.4730451412721361,6.867604403197985,84,
benchmark_dualmp_nl_dense_clutter_eval_dense_clutter.json,155,sofai,neural,cbf,ok,False,s2_cbf,True,True,True,0.4971894827413612,6.825556038230593,98,0.9525279998779297,0.14135193824768066,1.579948707993026,True,False,True,False,0.9712705650538882,0.7714118957519531,0.5745886989222355,6.964681780133862,39,True,True,True,True,1.0,0.14135193824768066,0.4971894827413612,6.825556038230593,98,
benchmark_dualmp_nl_dense_clutter_eval_dense_clutter.json,156,sofai,neural,cbf,ok,False,s2_cbf,True,True,True,0.4584043015856507,6.8037325075983635,73,0.8964531421661377,0.10681009292602539,1.5220274159946712,True,False,True,False,0.970066407890652,0.7492940425872803,0.5986718421869602,7.521574445353341,33,True,True,True,True,1.0,0.10681009292602539,0.4584043015856507,6.8037325075983635,73,
benchmark_dualmp_nl_dense_clutter_eval_dense_clutter.json,157,sofai,neural,cbf,ok,False,s1_neural,True,True,True,0.4859862242708315,6.669140575212963,36,0.9611501693725586,0.7650308609008789,1.5695481250004377,True,True,True,True,0.9757006887864584,0.7650308609008789,0.4859862242708315,6.669140575212963,36,True,True,True,True,1.0,0.15607213973999023,0.47879299633130046,6.714485379366331,100,
benchmark_dualmp_nl_dense_clutter_eval_dense_clutter.json,158,sofai,neural,cbf,ok,False,s2_cbf,True,True,True,0.48164972429397185,6.940849179215878,113,0.982835054397583,0.18363595008850098,1.604570750001585,True,False,True,False,0.9733303411529428,0.7590541839599609,0.5333931769411431,7.326070140875844,35,True,True,True,True,1.0,0.18363595008850098,0.48164972429397185,6.940849179215878,113,
benchmark_dualmp_nl_dense_clutter_eval_dense_clutter.json,159,sofai,neural,cbf,ok,False,s2_cbf,False,False,True,0.4302849440775638,6.806840271172857,87,1.1133928298950195,0.1257178783416748,1.7366742080048425,True,False,True,False,0.0,0.9473190307617188,5.100521872717611,2.2119829156123703,121,True,False,False,True,1.0,0.1257178783416748,0.4302849440775638,6.806840271172857,87,
benchmark_dualmp_nl_dense_clutter_eval_dense_clutter.json,160,sofai,neural,cbf,ok,False,s2_cbf,True,True,True,0.42885740903835423,6.813178862392534,75,0.9045240879058838,0.0947878360748291,1.4938061249995371,True,False,True,False,0.9710086960627708,0.769665002822876,0.579826078744584,6.948523591445621,41,True,True,True,True,1.0,0.0947878360748291,0.42885740903835423,6.813178862392534,75,
benchmark_dualmp_nl_dense_clutter_eval_dense_clutter.json,161,sofai,neural,cbf,ok,False,s2_cbf,True,True,True,0.4900823119199786,6.670553555868883,92,0.9205582141876221,0.1235647201538086,1.534473584004445,True,False,True,False,0.973545975737959,0.7570102214813232,0.5290804852408207,7.081302201106378,40,True,True,True,True,1.0,0.1235647201538086,0.4900823119199786,6.670553555868883,92,
benchmark_dualmp_nl_dense_clutter_eval_dense_clutter.json,162,sofai,neural,cbf,ok,False,s2_cbf,True,True,True,0.435088004252037,6.821319809302303,71,0.9037389755249023,0.09459495544433594,1.507955499997479,True,False,True,False,0.9719567828041018,0.7683050632476807,0.5608643439179634,7.011168836452885,44,True,True,True,True,1.0,0.09459495544433594,0.435088004252037,6.821319809302303,71,
benchmark_dualmp_nl_dense_clutter_eval_dense_clutter.json,163,sofai,neural,cbf,ok,False,s1_neural,True,True,True,0.4510086420962337,7.1600479683354905,42,0.893090009689331,0.7619068622589111,1.5062655830115546,True,True,True,True,0.9774495678951883,0.7619068622589111,0.4510086420962337,7.1600479683354905,42,True,True,True,True,1.0,0.09064006805419922,0.4777883726714424,6.950081735660885,76,
benchmark_dualmp_nl_dense_clutter_eval_dense_clutter.json,164,sofai,neural,cbf,ok,False,s2_cbf,True,True,True,0.43601704120068807,6.700831428596643,79,0.9371769428253174,0.12272191047668457,1.571316375004244,True,False,True,False,0.9717010279331757,0.7731368541717529,0.5659794413364871,7.248772142155213,36,True,True,True,True,1.0,0.12272191047668457,0.43601704120068807,6.700831428596643,79,
benchmark_dualmp_nl_dense_clutter_eval_dense_clutter.json,165,sofai,neural,cbf,ok,False,s2_cbf,True,True,True,0.44958622592620934,6.7512804946558544,76,0.9552860260009766,0.12142014503479004,1.5697365829983028,True,False,True,False,0.9708610496976667,0.7933218479156494,0.5827790060466652,7.09311637361049,46,True,True,True,True,1.0,0.12142014503479004,0.44958622592620934,6.7512804946558544,76,
benchmark_dualmp_nl_dense_clutter_eval_dense_clutter.json,166,sofai,neural,cbf,ok,False,s2_cbf,True,True,True,0.4804575458598798,7.372024101739072,141,1.1781880855560303,0.20221686363220215,1.800385707989335,True,False,True,False,0.04050824608032394,0.9358599185943604,4.094917539196761,3.042408815894917,121,True,True,True,True,1.0,0.20221686363220215,0.4804575458598798,7.372024101739072,141,
benchmark_dualmp_nl_dense_clutter_eval_dense_clutter.json,167,sofai,neural,cbf,ok,False,s2_cbf,True,True,True,0.49981769138958904,6.73715345167734,73,0.9165630340576172,0.1212921142578125,1.5376804580009775,True,False,True,False,0.9712532577697914,0.7554299831390381,0.5749348446041717,6.746835305558788,36,True,True,True,True,1.0,0.1212921142578125,0.49981769138958904,6.73715345167734,73,
benchmark_dualmp_nl_dense_clutter_eval_dense_clutter.json,168,sofai,neural,cbf,ok,False,s2_cbf,True,True,True,0.4619975535529533,7.174167231737303,99,1.020618200302124,0.15655803680419922,1.6269899580074707,True,False,True,False,0.9712147002939744,0.8230719566345215,0.5757059941205129,7.488664542852971,55,True,True,True,True,1.0,0.15655803680419922,0.4619975535529533,7.174167231737303,99,
benchmark_dualmp_nl_dense_clutter_eval_dense_clutter.json,169,sofai,neural,cbf,ok,False,s2_cbf,True,True,True,0.4305409586179937,6.762590732851692,89,0.9835021495819092,0.13854289054870605,1.5788583749963436,True,False,True,False,0.9717514103563925,0.8042340278625488,0.5649717928721508,7.504990955134684,57,True,True,True,True,1.0,0.13854289054870605,0.4305409586179937,6.762590732851692,89,
benchmark_dualmp_nl_dense_clutter_eval_dense_clutter.json,170,sofai,neural,cbf,ok,False,s2_cbf,False,False,True,0.47833844056580804,6.7401396286890565,82,1.0681869983673096,0.11530303955078125,1.6948718339990592,True,False,True,False,0.0,0.9118421077728271,4.559833053063567,2.613614885502014,121,True,False,False,True,1.0,0.11530303955078125,0.47833844056580804,6.7401396286890565,82,
benchmark_dualmp_nl_dense_clutter_eval_dense_clutter.json,171,sofai,neural,cbf,ok,False,s2_cbf,True,True,True,0.4775356314532603,6.746917274035946,76,0.901547908782959,0.10511016845703125,1.5107280829979572,True,False,True,False,0.970193272482976,0.7567028999328613,0.5961345503404788,6.493244962492069,33,True,True,True,True,1.0,0.10511016845703125,0.4775356314532603,6.746917274035946,76,
benchmark_dualmp_nl_dense_clutter_eval_dense_clutter.json,172,sofai,neural,cbf,ok,False,s2_cbf,True,True,True,0.49518838196618553,6.668137968681758,104,0.8974852561950684,0.1315138339996338,1.5364523749885848,True,False,True,False,0.9714689864492158,0.7260768413543701,0.5706202710156839,7.49782789717585,34,True,True,True,True,1.0,0.1315138339996338,0.49518838196618553,6.668137968681758,104,
benchmark_dualmp_nl_dense_clutter_eval_dense_clutter.json,173,sofai,neural,cbf,ok,False,s2_cbf,True,True,True,0.47438202214104397,6.803631684420307,83,1.0642120838165283,0.09536981582641602,1.6746707919955952,True,False,True,False,0.0,0.9287092685699463,5.3927107173691935,1.680316741271574,121,True,True,True,True,1.0,0.09536981582641602,0.47438202214104397,6.803631684420307,83,
benchmark_dualmp_nl_dense_clutter_eval_dense_clutter.json,174,sofai,neural,cbf,ok,False,s2_cbf,True,True,True,0.45168147341855003,6.7962266885119185,95,1.0898470878601074,0.11797380447387695,1.6786244999966584,True,False,True,False,0.0,0.9318249225616455,5.579096316999864,1.5261067029615951,121,True,True,True,True,1.0,0.11797380447387695,0.45168147341855003,6.7962266885119185,95,
benchmark_dualmp_nl_dense_clutter_eval_dense_clutter.json,175,sofai,neural,cbf,ok,False,s2_cbf,True,True,True,0.4830982473344654,6.713680966299352,106,1.0361957550048828,0.17375993728637695,1.6752092500100844,True,False,True,False,0.9701330533855028,0.8174631595611572,0.5973389322899435,7.016305433752484,45,True,True,True,True,1.0,0.17375993728637695,0.4830982473344654,6.713680966299352,106,
benchmark_dualmp_nl_dense_clutter_eval_dense_clutter.json,176,sofai,neural,cbf,ok,False,s1_neural,True,True,True,0.4739750066059752,7.460750165051863,38,1.0448756217956543,0.8656508922576904,1.7685175830119988,True,True,True,True,0.9763012496697012,0.8656508922576904,0.4739750066059752,7.460750165051863,38,True,True,True,True,1.0,0.11763191223144531,0.49164007019588085,6.658650346396279,73,
benchmark_dualmp_nl_dense_clutter_eval_dense_clutter.json,177,sofai,neural,cbf,ok,False,s2_cbf,True,True,True,0.42583138091761286,6.81068539477385,71,0.9437820911407471,0.11043524742126465,1.6329451249912381,True,False,True,False,0.9702331708295195,0.7886230945587158,0.5953365834096086,6.5144604207243795,33,True,True,True,True,1.0,0.11043524742126465,0.42583138091761286,6.81068539477385,71,
benchmark_dualmp_nl_dense_clutter_eval_dense_clutter.json,178,sofai,neural,cbf,ok,False,s2_cbf,True,True,True,0.4601663715054737,6.851628668321888,73,0.9421522617340088,0.09682202339172363,1.6021303340094164,True,False,True,False,0.9727515055059414,0.8037090301513672,0.544969889881173,6.967189347470814,38,True,True,True,True,1.0,0.09682202339172363,0.4601663715054737,6.851628668321888,73,
benchmark_dualmp_nl_dense_clutter_eval_dense_clutter.json,179,sofai,neural,cbf,ok,False,s2_cbf,True,True,True,0.47806641640280423,6.691458576534994,76,1.1518628597259521,0.10549020767211914,1.7941023339953972,True,False,True,False,0.0,1.0049078464508057,6.260683789662052,10.754870965026573,121,True,True,True,True,1.0,0.10549020767211914,0.47806641640280423,6.691458576534994,76,
benchmark_dualmp_nl_dense_clutter_eval_dense_clutter.json,180,sofai,neural,cbf,ok,False,s2_cbf,True,True,True,0.45407636938783846,6.960270365679695,87,0.9499108791351318,0.1310560703277588,1.5514157500001602,True,False,True,False,0.9739342162332015,0.778965950012207,0.5213156753359685,6.88570945183719,38,True,True,True,True,1.0,0.1310560703277588,0.45407636938783846,6.960270365679695,87,
benchmark_dualmp_nl_dense_clutter_eval_dense_clutter.json,181,sofai,neural,cbf,ok,False,s2_cbf,True,True,True,0.4662272831291163,6.787554622741335,76,0.9053471088409424,0.11859726905822754,1.5540860420005629,True,False,True,False,0.9719600270061091,0.7471377849578857,0.560799459877818,7.0394105665993045,38,True,True,True,True,1.0,0.11859726905822754,0.4662272831291163,6.787554622741335,76,
benchmark_dualmp_nl_dense_clutter_eval_dense_clutter.json,182,sofai,neural,cbf,ok,False,s2_cbf,True,True,True,0.4962109501802066,6.738542379218412,73,0.9180309772491455,0.09874415397644043,1.547815083002206,True,False,True,False,0.971395817228654,0.7757680416107178,0.5720836554269206,6.8817096565059215,42,True,True,True,True,1.0,0.09874415397644043,0.4962109501802066,6.738542379218412,73,
benchmark_dualmp_nl_dense_clutter_eval_dense_clutter.json,183,sofai,neural,cbf,ok,False,s1_neural,True,True,True,0.469073977559529,7.162093508593237,41,0.9636189937591553,0.792280912399292,1.5800780830031727,True,True,True,True,0.9765463011220236,0.792280912399292,0.469073977559529,7.162093508593237,41,True,True,True,True,1.0,0.1311171054840088,0.46277140158705987,6.792479934686997,95,
benchmark_dualmp_nl_dense_clutter_eval_dense_clutter.json,184,sofai,neural,cbf,ok,False,s1_neural,True,True,True,0.4741743254179132,7.121778407934584,38,0.9368240833282471,0.7706797122955322,1.6254290409997338,True,True,True,True,0.9762912837291043,0.7706797122955322,0.4741743254179132,7.121778407934584,38,True,True,True,True,1.0,0.12461519241333008,0.44381798828140856,6.795841108638309,87,
benchmark_dualmp_nl_dense_clutter_eval_dense_clutter.json,185,sofai,neural,cbf,ok,False,s2_cbf,True,True,True,0.4375556079821594,6.802143947003325,82,1.0585248470306396,0.12662005424499512,1.7801451249979436,True,False,True,False,0.9711611028329736,0.8877158164978027,0.5767779433405277,7.037055800610353,42,True,True,True,True,1.0,0.12662005424499512,0.4375556079821594,6.802143947003325,82,
benchmark_dualmp_nl_dense_clutter_eval_dense_clutter.json,186,sofai,neural,cbf,ok,False,s2_cbf,True,True,True,0.4952700478063046,6.824287252704448,114,1.0379877090454102,0.19104504585266113,1.7259714999963762,True,False,True,False,0.9711849908677223,0.8058512210845947,0.5763001826455542,7.028307253052978,42,True,True,True,True,1.0,0.19104504585266113,0.4952700478063046,6.824287252704448,114,
benchmark_dualmp_nl_dense_clutter_eval_dense_clutter.json,187,sofai,neural,cbf,ok,False,s2_cbf,False,False,True,0.4904280258682174,6.610287943761522,78,1.1548700332641602,0.13181185722351074,1.7832131660106825,True,False,True,False,0.17864268872814232,0.9796669483184814,2.713573112718577,4.532045089466221,121,True,False,False,True,1.0,0.13181185722351074,0.4904280258682174,6.610287943761522,78,
benchmark_dualmp_nl_dense_clutter_eval_dense_clutter.json,188,sofai,neural,cbf,ok,False,s2_cbf,True,True,True,0.4597550476149358,7.052969041984028,130,1.0312178134918213,0.18589377403259277,1.7096390000078827,True,False,True,False,0.9717363066407434,0.8023257255554199,0.5652738671851313,7.257223537876818,50,True,True,True,True,1.0,0.18589377403259277,0.4597550476149358,7.052969041984028,130,
benchmark_dualmp_nl_dense_clutter_eval_dense_clutter.json,189,sofai,neural,cbf,ok,False,s1_neural,True,True,True,0.47093983134751616,7.050465631062162,41,0.9521992206573486,0.7764568328857422,1.6398877909959992,True,True,True,True,0.9764530084326242,0.7764568328857422,0.47093983134751616,7.050465631062162,41,True,True,True,True,1.0,0.13240981101989746,0.47180185826632426,6.840493398862957,105,
benchmark_dualmp_nl_dense_clutter_eval_dense_clutter.json,190,sofai,neural,cbf,ok,False,s2_cbf,True,True,True,0.47610945446132685,6.922502340962927,115,0.992419958114624,0.16681385040283203,1.658633416009252,True,False,True,False,0.9711291672347995,0.7855298519134521,0.577416655304011,7.035498066843711,40,True,True,True,True,1.0,0.16681385040283203,0.47610945446132685,6.922502340962927,115,
benchmark_dualmp_nl_dense_clutter_eval_dense_clutter.json,191,sofai,neural,cbf,ok,False,s2_cbf,True,True,True,0.4518194300881049,6.965023441281887,83,0.9746701717376709,0.12601304054260254,1.614567958007683,True,False,True,False,0.970731678203014,0.8078489303588867,0.5853664359397207,7.004496531990964,40,True,True,True,True,1.0,0.12601304054260254,0.4518194300881049,6.965023441281887,83,
benchmark_dualmp_nl_dense_clutter_eval_dense_clutter.json,192,sofai,neural,cbf,ok,False,s2_cbf,False,False,True,0.44701397045004326,6.826033040082845,93,1.1364762783050537,0.1578047275543213,1.7811095000070054,True,False,True,False,0.1865635970551422,0.9359967708587646,2.634364029448578,4.443784765701883,121,True,False,False,True,1.0,0.1578047275543213,0.44701397045004326,6.826033040082845,93,
benchmark_dualmp_nl_dense_clutter_eval_dense_clutter.json,193,sofai,neural,cbf,ok,False,s2_cbf,True,True,True,0.44603046447831474,6.7278129312901624,82,0.9266579151153564,0.10749268531799316,1.5639291660045274,True,False,True,False,0.9721481820385955,0.7752490043640137,0.5570363592280883,6.978706554594583,40,True,True,True,True,1.0,0.10749268531799316,0.44603046447831474,6.7278129312901624,82,
benchmark_dualmp_nl_dense_clutter_eval_dense_clutter.json,194,sofai,neural,cbf,ok,False,s2_cbf,True,True,True,0.49311382395095354,6.6800696695927835,85,0.907494306564331,0.12305116653442383,1.5677834169910057,True,False,True,False,0.9710949073326454,0.7440676689147949,0.5781018533470926,7.445084938739649,32,True,True,True,True,1.0,0.12305116653442383,0.49311382395095354,6.6800696695927835,85,
benchmark_dualmp_nl_dense_clutter_eval_dense_clutter.json,195,sofai,neural,cbf,ok,False,s2_cbf,False,False,True,0.47010062626167054,6.860445153049952,101,1.034834861755371,0.17093682289123535,1.6788731249980628,True,False,True,False,0.9706035839245223,0.8232340812683105,0.5879283215095534,8.947271048376216,52,True,False,False,True,1.0,0.17093682289123535,0.47010062626167054,6.860445153049952,101,
benchmark_dualmp_nl_dense_clutter_eval_dense_clutter.json,196,sofai,neural,cbf,ok,False,s2_cbf,False,False,True,0.4963041433650481,6.695391449241179,86,1.0573701858520508,0.12634801864624023,1.6480377090047114,True,False,True,False,0.0,0.8909471035003662,5.032714658009424,2.0435919038618686,121,True,False,False,True,1.0,0.12634801864624023,0.4963041433650481,6.695391449241179,86,
benchmark_dualmp_nl_dense_clutter_eval_dense_clutter.json,197,sofai,neural,cbf,ok,False,s2_cbf,True,True,True,0.4688061365012085,7.141595330653397,101,0.9267411231994629,0.1268460750579834,1.5495068329910282,True,False,True,False,0.9716607482038239,0.7587037086486816,0.566785035923523,6.961039382546702,40,True,True,True,True,1.0,0.1268460750579834,0.4688061365012085,7.141595330653397,101,
benchmark_dualmp_nl_dense_clutter_eval_dense_clutter.json,198,sofai,neural,cbf,ok,False,s2_cbf,True,True,True,0.4317375972340233,6.8932695679896145,72,0.892683744430542,0.08509087562561035,1.5106097500101896,True,False,True,False,0.9727212017685398,0.7669429779052734,0.5455759646292037,7.086403426945505,41,True,True,True,True,1.0,0.08509087562561035,0.4317375972340233,6.8932695679896145,72,
benchmark_dualmp_nl_dense_clutter_eval_dense_clutter.json,199,sofai,neural,cbf,ok,False,s2_cbf,True,True,True,0.45296487426658094,6.719572781933334,89,0.9323160648345947,0.1119680404663086,1.539633958003833,True,False,True,False,0.973920664032392,0.7804200649261475,0.5215867193521596,7.131105098278063,43,True,True,True,True,1.0,0.1119680404663086,0.45296487426658094,6.719572781933334,89,
